,万得全A
,881001.WI
日期,收盘价
Date,close
2007-09-03,3890.7791
2007-09-04,3854.9917
2007-09-05,3864.7783
2007-09-06,3903.8408
2007-09-07,3819.8743
2007-09-10,3883.7395
2007-09-11,3685.7551
2007-09-12,3732.8308
2007-09-13,3823.9597
2007-09-14,3864.2683
2007-09-17,3940.2336
2007-09-18,3939.0930
2007-09-19,3894.1179
2007-09-20,3944.2568
2007-09-21,3920.7708
2007-09-24,3943.9827
2007-09-25,3905.9512
2007-09-26,3843.9109
2007-09-27,3887.5906
2007-09-28,3988.5950
2007-10-08,4025.3083
2007-10-09,4048.6301
2007-10-10,4052.4971
2007-10-11,4072.5320
2007-10-12,4038.0120
2007-10-15,4076.0029
2007-10-16,4116.0049
2007-10-17,4085.3821
2007-10-18,3957.9939
2007-10-19,3958.9578
2007-10-22,3857.7544
2007-10-23,3889.3213
2007-10-24,3890.6287
2007-10-25,3691.9280
2007-10-26,3707.1091
2007-10-29,3776.8704
2007-10-30,3844.3313
2007-10-31,3930.7908
2007-11-01,3859.4529
2007-11-02,3766.8074
2007-11-05,3724.0388
2007-11-06,3706.2698
2007-11-07,3721.2622
2007-11-08,3555.1064
2007-11-09,3515.4631
2007-11-12,3465.0200
2007-11-13,3448.8660
2007-11-14,3587.6594
2007-11-15,3542.9624
2007-11-16,3510.6895
2007-11-19,3528.0784
2007-11-20,3579.1338
2007-11-21,3531.5063
2007-11-22,3374.0239
2007-11-23,3431.5769
2007-11-26,3396.4741
2007-11-27,3343.5522
2007-11-28,3307.9307
2007-11-29,3425.2043
2007-11-30,3359.5952
2007-12-03,3387.4402
2007-12-04,3418.7214
2007-12-05,3504.5640
2007-12-06,3511.4290
2007-12-07,3563.8667
2007-12-10,3639.5730
2007-12-11,3654.2751
2007-12-12,3628.3059
2007-12-13,3502.9712
2007-12-14,3570.6567
2007-12-17,3512.1592
2007-12-18,3491.5034
2007-12-19,3571.4500
2007-12-20,3629.8254
2007-12-21,3678.5232
2007-12-24,3749.9006
2007-12-25,3763.8784
2007-12-26,3812.0542
2007-12-27,3874.9688
2007-12-28,3858.7986
2008-01-02,3919.5815
2008-01-03,3962.2092
2008-01-04,3996.6794
2008-01-07,4054.1118
2008-01-08,4008.6497
2008-01-09,4085.1641
2008-01-10,4119.8052
2008-01-11,4132.4399
2008-01-14,4165.5830
2008-01-15,4160.5225
2008-01-16,4050.7422
2008-01-17,3952.1436
2008-01-18,3987.5918
2008-01-21,3802.3901
2008-01-22,3508.2954
2008-01-23,3670.3450
2008-01-24,3731.3491
2008-01-25,3760.3601
2008-01-28,3504.6350
2008-01-29,3537.8093
2008-01-30,3516.3533
2008-01-31,3430.9375
2008-02-01,3357.7458
2008-02-04,3629.1541
2008-02-05,3622.1616
2008-02-13,3562.4019
2008-02-14,3616.6833
2008-02-15,3577.8462
2008-02-18,3661.7639
2008-02-19,3738.1223
2008-02-20,3670.7041
2008-02-21,3663.2463
2008-02-22,3548.2529
2008-02-25,3422.1687
2008-02-26,3425.9983
2008-02-27,3513.6812
2008-02-28,3505.6294
2008-02-29,3548.4241
2008-03-03,3639.8948
2008-03-04,3567.6526
2008-03-05,3552.1099
2008-03-06,3591.2888
2008-03-07,3532.4460
2008-03-10,3398.1785
2008-03-11,3413.3816
2008-03-12,3315.5903
2008-03-13,3219.6904
2008-03-14,3190.1929
2008-03-17,3019.1152
2008-03-18,2853.3008
2008-03-19,2953.2070
2008-03-20,3042.5901
2008-03-21,3068.4519
2008-03-24,2952.5198
2008-03-25,2987.0046
2008-03-26,2989.1145
2008-03-27,2855.0786
2008-03-28,2971.6147
2008-03-31,2870.1191
2008-04-01,2700.4099
2008-04-02,2650.0974
2008-04-03,2720.6165
2008-04-07,2868.7786
2008-04-08,2906.4688
2008-04-09,2753.9321
2008-04-10,2809.6975
2008-04-11,2837.7561
2008-04-14,2655.0835
2008-04-15,2703.7449
2008-04-16,2638.0576
2008-04-17,2562.3445
2008-04-18,2465.6050
2008-04-21,2461.7563
2008-04-22,2468.0205
2008-04-23,2581.8821
2008-04-24,2816.5305
2008-04-25,2833.7178
2008-04-28,2789.9221
2008-04-29,2820.2170
2008-04-30,2946.6946
2008-05-05,3019.1013
2008-05-06,2992.9209
2008-05-07,2854.8279
2008-05-08,2930.9792
2008-05-09,2906.2090
2008-05-12,2936.9211
2008-05-13,2909.4436
2008-05-14,2991.9451
2008-05-15,2970.1807
2008-05-16,2951.6108
2008-05-19,2936.8828
2008-05-20,2780.8669
2008-05-21,2836.7874
2008-05-22,2789.8723
2008-05-23,2767.6406
2008-05-26,2683.1226
2008-05-27,2695.8599
2008-05-28,2770.3989
2008-05-29,2702.9722
2008-05-30,2724.3125
2008-06-02,2742.6458
2008-06-03,2730.2151
2008-06-04,2682.0149
2008-06-05,2659.4475
2008-06-06,2643.9175
2008-06-10,2425.5981
2008-06-11,2372.7793
2008-06-12,2335.4204
2008-06-13,2252.7292
2008-06-16,2229.8550
2008-06-17,2139.3350
2008-06-18,2250.9656
2008-06-19,2083.8157
2008-06-20,2139.8110
2008-06-23,2094.6201
2008-06-24,2144.9851
2008-06-25,2238.4973
2008-06-26,2252.1694
2008-06-27,2122.6404
2008-06-30,2113.6631
2008-07-01,2053.7485
2008-07-02,2064.2075
2008-07-03,2122.0725
2008-07-04,2112.7629
2008-07-07,2221.6680
2008-07-08,2240.6165
2008-07-09,2318.7688
2008-07-10,2283.7444
2008-07-11,2268.8818
2008-07-14,2294.5195
2008-07-15,2210.1504
2008-07-16,2122.2349
2008-07-17,2103.2764
2008-07-18,2178.1821
2008-07-21,2253.7065
2008-07-22,2252.3738
2008-07-23,2237.7495
2008-07-24,2304.0649
2008-07-25,2279.1467
2008-07-28,2302.4583
2008-07-29,2257.5042
2008-07-30,2244.2021
2008-07-31,2178.0352
2008-08-01,2208.0520
2008-08-04,2156.8218
2008-08-05,2103.7373
2008-08-06,2115.1619
2008-08-07,2118.1353
2008-08-08,2004.8966
2008-08-11,1888.0345
2008-08-12,1871.2091
2008-08-13,1868.9642
2008-08-14,1870.9609
2008-08-15,1872.6230
2008-08-18,1761.8535
2008-08-19,1787.8885
2008-08-20,1927.1768
2008-08-21,1858.3785
2008-08-22,1825.9785
2008-08-25,1824.4906
2008-08-26,1760.4016
2008-08-27,1755.5468
2008-08-28,1760.8030
2008-08-29,1805.5679
2008-09-01,1748.1185
2008-09-02,1738.8132
2008-09-03,1716.3032
2008-09-04,1721.2094
2008-09-05,1662.0713
2008-09-08,1608.1196
2008-09-09,1618.4464
2008-09-10,1625.1553
2008-09-11,1579.8145
2008-09-12,1582.6263
2008-09-16,1533.5214
2008-09-17,1486.5234
2008-09-18,1453.3866
2008-09-19,1590.3312
2008-09-22,1679.5824
2008-09-23,1601.7056
2008-09-24,1618.7000
2008-09-25,1675.3915
2008-09-26,1686.1022
2008-10-06,1608.1893
2008-10-07,1593.7000
2008-10-08,1540.7529
2008-10-09,1521.5822
2008-10-10,1445.8997
2008-10-13,1497.3610
2008-10-14,1456.8213
2008-10-15,1443.6514
2008-10-16,1371.4117
2008-10-17,1382.6130
2008-10-20,1428.9537
2008-10-21,1418.5533
2008-10-22,1384.9044
2008-10-23,1386.8010
2008-10-24,1352.1517
2008-10-27,1254.2893
2008-10-28,1290.2927
2008-10-29,1251.1436
2008-10-30,1276.6953
2008-10-31,1251.9540
2008-11-03,1242.5164
2008-11-04,1224.8977
2008-11-05,1269.8339
2008-11-06,1242.4136
2008-11-07,1263.4465
2008-11-10,1356.4547
2008-11-11,1341.7775
2008-11-12,1362.1101
2008-11-13,1418.5471
2008-11-14,1473.3234
2008-11-17,1517.0703
2008-11-18,1406.0109
2008-11-19,1495.3405
2008-11-20,1484.1514
2008-11-21,1473.2891
2008-11-24,1412.4614
2008-11-25,1407.3141
2008-11-26,1415.0844
2008-11-27,1436.2472
2008-11-28,1410.1641
2008-12-01,1445.2114
2008-12-02,1454.6228
2008-12-03,1516.3572
2008-12-04,1534.5244
2008-12-05,1562.1953
2008-12-08,1625.7947
2008-12-09,1584.5430
2008-12-10,1627.9438
2008-12-11,1585.9695
2008-12-12,1518.5996
2008-12-15,1535.2996
2008-12-16,1553.1232
2008-12-17,1562.9390
2008-12-18,1594.6024
2008-12-19,1603.7252
2008-12-22,1585.9991
2008-12-23,1502.5857
2008-12-24,1475.2223
2008-12-25,1466.4025
2008-12-26,1460.0336
2008-12-29,1457.9377
2008-12-30,1444.7640
2008-12-31,1430.7930
2009-01-05,1486.1136
2009-01-06,1533.1956
2009-01-07,1530.2023
2009-01-08,1496.3386
2009-01-09,1526.0046
2009-01-12,1532.6343
2009-01-13,1495.7859
2009-01-14,1557.2196
2009-01-15,1562.3286
2009-01-16,1584.4375
2009-01-19,1596.2539
2009-01-20,1609.8495
2009-01-21,1605.8326
2009-01-22,1626.0684
2009-01-23,1618.8582
2009-02-02,1648.2607
2009-02-03,1689.7445
2009-02-04,1731.1626
2009-02-05,1715.0173
2009-02-06,1784.7722
2009-02-09,1834.1404
2009-02-10,1865.4177
2009-02-11,1870.3260
2009-02-12,1874.5706
2009-02-13,1939.6035
2009-02-16,1985.5150
2009-02-17,1918.4017
2009-02-18,1835.2311
2009-02-19,1860.3833
2009-02-20,1904.6025
2009-02-23,1959.8970
2009-02-24,1873.5916
2009-02-25,1876.9362
2009-02-26,1772.6082
2009-02-27,1711.6703
2009-03-02,1737.5874
2009-03-03,1730.1986
2009-03-04,1841.6871
2009-03-05,1857.4594
2009-03-06,1843.6450
2009-03-09,1772.0095
2009-03-10,1807.3876
2009-03-11,1794.2286
2009-03-12,1793.2810
2009-03-13,1782.4777
2009-03-16,1810.2043
2009-03-17,1874.5575
2009-03-18,1887.0389
2009-03-19,1927.8315
2009-03-20,1923.4618
2009-03-23,1968.6940
2009-03-24,1981.0220
2009-03-25,1937.1666
2009-03-26,1995.1011
2009-03-27,2011.5227
2009-03-30,2006.5820
2009-03-31,2026.4078
2009-04-01,2057.6682
2009-04-02,2073.1357
2009-04-03,2063.1602
2009-04-07,2074.1763
2009-04-08,1997.9828
2009-04-09,2030.7097
2009-04-10,2093.5957
2009-04-13,2136.5420
2009-04-14,2160.8674
2009-04-15,2177.2383
2009-04-16,2180.7097
2009-04-17,2152.6477
2009-04-20,2202.3171
2009-04-21,2184.1729
2009-04-22,2096.0049
2009-04-23,2109.4617
2009-04-24,2092.3784
2009-04-27,2033.5148
2009-04-28,2044.0090
2009-04-29,2106.6289
2009-04-30,2126.0664
2009-05-04,2197.8037
2009-05-05,2212.7683
2009-05-06,2243.7720
2009-05-07,2239.5510
2009-05-08,2253.5981
2009-05-11,2192.4109
2009-05-12,2243.9802
2009-05-13,2262.6072
2009-05-14,2254.4841
2009-05-15,2261.9434
2009-05-18,2274.1082
2009-05-19,2295.6641
2009-05-20,2275.3721
2009-05-21,2228.4836
2009-05-22,2225.3162
2009-05-25,2233.5203
2009-05-26,2219.7119
2009-05-27,2241.2397
2009-06-01,2305.3772
2009-06-02,2313.6648
2009-06-03,2356.5671
2009-06-04,2363.4028
2009-06-05,2352.8701
2009-06-08,2354.9443
2009-06-09,2368.0840
2009-06-10,2392.5452
2009-06-11,2375.4102
2009-06-12,2330.6055
2009-06-15,2373.0356
2009-06-16,2370.2083
2009-06-17,2406.8809
2009-06-18,2436.4673
2009-06-19,2450.0464
2009-06-22,2444.9011
2009-06-23,2442.7095
2009-06-24,2473.3696
2009-06-25,2471.8921
2009-06-26,2480.6362
2009-06-29,2513.2686
2009-06-30,2500.6418
2009-07-01,2547.8818
2009-07-02,2579.7644
2009-07-03,2611.1880
2009-07-06,2643.4385
2009-07-07,2626.6260
2009-07-08,2635.5596
2009-07-09,2675.8687
2009-07-10,2680.2454
2009-07-13,2668.1433
2009-07-14,2730.0032
2009-07-15,2755.8210
2009-07-16,2754.8064
2009-07-17,2764.6948
2009-07-20,2815.5415
2009-07-21,2768.6079
2009-07-22,2816.3367
2009-07-23,2849.4561
2009-07-24,2852.0144
2009-07-27,2911.2957
2009-07-28,2928.2188
2009-07-29,2775.7808
2009-07-30,2828.9719
2009-07-31,2907.0378
2009-08-03,2953.0107
2009-08-04,2959.7620
2009-08-05,2938.4719
2009-08-06,2884.1853
2009-08-07,2802.2051
2009-08-10,2804.4341
2009-08-11,2817.3872
2009-08-12,2693.9119
2009-08-13,2714.8540
2009-08-14,2625.5500
2009-08-17,2463.0603
2009-08-18,2494.3069
2009-08-19,2377.7710
2009-08-20,2471.5894
2009-08-21,2523.7246
2009-08-24,2551.7378
2009-08-25,2477.8884
2009-08-26,2535.0442
2009-08-27,2538.0938
2009-08-28,2460.3240
2009-08-31,2290.3669
2009-09-01,2294.5708
2009-09-02,2321.7961
2009-09-03,2439.8274
2009-09-04,2464.2466
2009-09-07,2487.3386
2009-09-08,2535.0740
2009-09-09,2550.4365
2009-09-10,2526.4753
2009-09-11,2581.6362
2009-09-14,2629.2842
2009-09-15,2641.1228
2009-09-16,2618.2334
2009-09-17,2669.7319
2009-09-18,2579.6609
2009-09-21,2597.3918
2009-09-22,2539.2256
2009-09-23,2480.3601
2009-09-24,2482.1772
2009-09-25,2462.6953
2009-09-28,2398.6887
2009-09-29,2381.9404
2009-09-30,2406.5757
2009-10-09,2524.8125
2009-10-12,2521.8665
2009-10-13,2559.8716
2009-10-14,2582.9204
2009-10-15,2590.6694
2009-10-16,2591.2881
2009-10-19,2652.0996
2009-10-20,2691.3518
2009-10-21,2680.6519
2009-10-22,2669.2310
2009-10-23,2716.1458
2009-10-26,2716.3091
2009-10-27,2644.3188
2009-10-28,2656.7363
2009-10-29,2598.5413
2009-10-30,2631.8694
2009-11-02,2712.1897
2009-11-03,2747.9316
2009-11-04,2763.1917
2009-11-05,2783.9746
2009-11-06,2792.7505
2009-11-09,2805.3755
2009-11-10,2812.5911
2009-11-11,2812.2412
2009-11-12,2814.8062
2009-11-13,2832.8015
2009-11-16,2908.8071
2009-11-17,2916.7578
2009-11-18,2932.8501
2009-11-19,2950.7432
2009-11-20,2944.5063
2009-11-23,2976.0454
2009-11-24,2867.0957
2009-11-25,2934.5142
2009-11-26,2823.1077
2009-11-27,2757.7820
2009-11-30,2855.1345
2009-12-01,2901.8079
2009-12-02,2934.1360
2009-12-03,2932.4329
2009-12-04,2950.3362
2009-12-07,2972.4902
2009-12-08,2947.2083
2009-12-09,2901.2964
2009-12-10,2917.0291
2009-12-11,2912.7725
2009-12-14,2946.9395
2009-12-15,2931.4055
2009-12-16,2912.1089
2009-12-17,2841.1541
2009-12-18,2774.1475
2009-12-21,2787.9209
2009-12-22,2724.9814
2009-12-23,2753.5435
2009-12-24,2831.7480
2009-12-25,2828.4138
2009-12-28,2871.1904
2009-12-29,2890.7117
2009-12-30,2924.0989
2009-12-31,2939.7869
2010-01-04,2917.8525
2010-01-05,2941.4729
2010-01-06,2921.8748
2010-01-07,2860.3718
2010-01-08,2872.4092
2010-01-11,2879.4717
2010-01-12,2929.6306
2010-01-13,2849.6272
2010-01-14,2896.4685
2010-01-15,2909.5247
2010-01-18,2928.5186
2010-01-19,2930.5088
2010-01-20,2834.6848
2010-01-21,2848.9463
2010-01-22,2810.1230
2010-01-25,2777.9014
2010-01-26,2703.8921
2010-01-27,2671.9570
2010-01-28,2685.3835
2010-01-29,2687.7942
2010-02-01,2649.4207
2010-02-02,2640.9209
2010-02-03,2699.0854
2010-02-04,2699.5786
2010-02-05,2648.3767
2010-02-08,2645.0698
2010-02-09,2653.5195
2010-02-10,2686.8813
2010-02-11,2688.6826
2010-02-12,2719.0105
2010-02-22,2707.8972
2010-02-23,2695.8149
2010-02-24,2737.2981
2010-02-25,2776.0027
2010-02-26,2771.1150
2010-03-01,2804.8689
2010-03-02,2796.9819
2010-03-03,2819.6604
2010-03-04,2746.6982
2010-03-05,2753.2737
2010-03-08,2775.3411
2010-03-09,2790.0388
2010-03-10,2767.6985
2010-03-11,2765.7578
2010-03-12,2729.1772
2010-03-15,2696.2683
2010-03-16,2715.1270
2010-03-17,2773.3787
2010-03-18,2770.2295
2010-03-19,2790.5957
2010-03-22,2799.6973
2010-03-23,2781.6460
2010-03-24,2789.1377
2010-03-25,2754.7568
2010-03-26,2792.1946
2010-03-29,2847.2852
2010-03-30,2854.9307
2010-03-31,2841.9175
2010-04-01,2879.1970
2010-04-02,2888.1436
2010-04-06,2887.6794
2010-04-07,2882.0188
2010-04-08,2859.2031
2010-04-09,2888.3198
2010-04-12,2877.9897
2010-04-13,2891.6836
2010-04-14,2903.6780
2010-04-15,2890.3345
2010-04-16,2865.4258
2010-04-19,2729.0161
2010-04-20,2732.1860
2010-04-21,2790.0979
2010-04-22,2769.5701
2010-04-23,2753.2810
2010-04-26,2741.5742
2010-04-27,2685.8318
2010-04-28,2675.7263
2010-04-29,2636.4863
2010-04-30,2623.2981
2010-05-04,2595.6350
2010-05-05,2626.0454
2010-05-06,2525.6462
2010-05-07,2480.2161
2010-05-10,2479.5588
2010-05-11,2426.5657
2010-05-12,2425.7080
2010-05-13,2482.4351
2010-05-14,2474.2952
2010-05-17,2342.5325
2010-05-18,2376.4202
2010-05-19,2373.8977
2010-05-20,2342.7744
2010-05-21,2379.2729
2010-05-24,2467.0898
2010-05-25,2425.8643
2010-05-26,2429.6675
2010-05-27,2465.9141
2010-05-28,2466.4604
2010-05-31,2405.4834
2010-06-01,2377.6880
2010-06-02,2386.0808
2010-06-03,2371.7124
2010-06-04,2379.9822
2010-06-07,2346.9521
2010-06-08,2351.7310
2010-06-09,2418.7344
2010-06-10,2400.9795
2010-06-11,2403.2544
2010-06-17,2389.9202
2010-06-18,2334.8423
2010-06-21,2405.1104
2010-06-22,2412.3650
2010-06-23,2396.4272
2010-06-24,2398.7239
2010-06-25,2379.6174
2010-06-28,2358.3433
2010-06-29,2251.0808
2010-06-30,2221.4492
2010-07-01,2196.7825
2010-07-02,2199.1772
2010-07-05,2184.6946
2010-07-06,2233.5750
2010-07-07,2250.4587
2010-07-08,2246.5378
2010-07-09,2302.0532
2010-07-12,2324.6489
2010-07-13,2289.8896
2010-07-14,2306.3728
2010-07-15,2261.5134
2010-07-16,2265.5232
2010-07-19,2316.9780
2010-07-20,2370.1404
2010-07-21,2376.3601
2010-07-22,2405.2024
2010-07-23,2414.2734
2010-07-26,2433.4854
2010-07-27,2423.9746
2010-07-28,2478.6392
2010-07-29,2491.3989
2010-07-30,2485.0549
2010-08-02,2525.6675
2010-08-03,2482.7773
2010-08-04,2495.1399
2010-08-05,2483.5369
2010-08-06,2522.8025
2010-08-09,2539.3950
2010-08-10,2463.0813
2010-08-11,2480.1650
2010-08-12,2450.4412
2010-08-13,2485.1851
2010-08-16,2539.3618
2010-08-17,2553.5396
2010-08-18,2550.1333
2010-08-19,2564.5752
2010-08-20,2518.7383
2010-08-23,2521.7617
2010-08-24,2537.6367
2010-08-25,2484.8027
2010-08-26,2493.9685
2010-08-27,2502.9478
2010-08-30,2552.0740
2010-08-31,2548.1951
2010-09-01,2528.9971
2010-09-02,2567.2480
2010-09-03,2573.0613
2010-09-06,2601.4846
2010-09-07,2609.8606
2010-09-08,2612.4822
2010-09-09,2572.9863
2010-09-10,2584.1265
2010-09-13,2615.4402
2010-09-14,2618.3835
2010-09-15,2576.2893
2010-09-16,2523.9675
2010-09-17,2524.8979
2010-09-20,2512.1665
2010-09-21,2514.8953
2010-09-27,2559.8213
2010-09-28,2543.2634
2010-09-29,2532.3484
2010-09-30,2575.3315
2010-10-08,2650.9824
2010-10-11,2705.4341
2010-10-12,2732.1619
2010-10-13,2755.6638
2010-10-14,2741.8970
2010-10-15,2811.8662
2010-10-18,2793.7158
2010-10-19,2853.3816
2010-10-20,2865.0239
2010-10-21,2857.5168
2010-10-22,2862.9167
2010-10-25,2937.7632
2010-10-26,2930.7598
2010-10-27,2891.2080
2010-10-28,2888.4390
2010-10-29,2884.6086
2010-11-01,2961.3882
2010-11-02,2947.3740
2010-11-03,2920.3315
2010-11-04,2972.9573
2010-11-05,3013.1863
2010-11-08,3047.5754
2010-11-09,3031.6108
2010-11-10,3021.8269
2010-11-11,3046.0369
2010-11-12,2885.9338
2010-11-15,2923.0405
2010-11-16,2806.0601
2010-11-17,2741.8477
2010-11-18,2774.5728
2010-11-19,2807.8960
2010-11-22,2812.4807
2010-11-23,2763.8311
2010-11-24,2801.5005
2010-11-25,2833.8896
2010-11-26,2811.2627
2010-11-29,2811.4978
2010-11-30,2762.1379
2010-12-01,2761.8118
2010-12-02,2780.5613
2010-12-03,2777.4658
2010-12-06,2782.8362
2010-12-07,2806.1799
2010-12-08,2783.0981
2010-12-09,2740.5222
2010-12-10,2770.6641
2010-12-13,2853.1992
2010-12-14,2863.6184
2010-12-15,2848.1165
2010-12-16,2838.8376
2010-12-17,2834.1445
2010-12-20,2793.8491
2010-12-21,2841.6877
2010-12-22,2816.7048
2010-12-23,2787.8984
2010-12-24,2762.3850
2010-12-27,2706.0044
2010-12-28,2658.0857
2010-12-29,2680.3623
2010-12-30,2689.5022
2010-12-31,2737.5686
2011-01-04,2780.8210
2011-01-05,2768.9219
2011-01-06,2754.5686
2011-01-07,2761.8760
2011-01-10,2709.3159
2011-01-11,2717.3694
2011-01-12,2733.0605
2011-01-13,2739.2900
2011-01-14,2701.4995
2011-01-17,2613.2771
2011-01-18,2617.2839
2011-01-19,2667.1047
2011-01-20,2585.6169
2011-01-21,2616.8625
2011-01-24,2589.7888
2011-01-25,2569.8977
2011-01-26,2601.6255
2011-01-27,2640.3801
2011-01-28,2649.1143
2011-01-31,2681.9158
2011-02-01,2690.3313
2011-02-09,2665.3159
2011-02-10,2717.4441
2011-02-11,2731.3635
2011-02-14,2800.1147
2011-02-15,2799.5637
2011-02-16,2828.8628
2011-02-17,2831.7710
2011-02-18,2805.8582
2011-02-21,2843.2271
2011-02-22,2770.6711
2011-02-23,2779.2734
2011-02-24,2794.6472
2011-02-25,2795.6060
2011-02-28,2824.3621
2011-03-01,2837.3442
2011-03-02,2832.2727
2011-03-03,2814.2871
2011-03-04,2852.2205
2011-03-07,2903.8962
2011-03-08,2908.6108
2011-03-09,2911.2871
2011-03-10,2871.9812
2011-03-11,2851.2944
2011-03-14,2860.9697
2011-03-15,2820.3303
2011-03-16,2855.3779
2011-03-17,2819.5120
2011-03-18,2829.9917
2011-03-21,2828.0664
2011-03-22,2835.7634
2011-03-23,2865.4058
2011-03-24,2865.0012
2011-03-25,2893.7590
2011-03-28,2893.6606
2011-03-29,2862.6104
2011-03-30,2857.5400
2011-03-31,2829.7332
2011-04-01,2865.1155
2011-04-06,2887.8850
2011-04-07,2896.3669
2011-04-08,2921.0498
2011-04-11,2909.5354
2011-04-12,2907.8835
2011-04-13,2935.5164
2011-04-14,2925.6855
2011-04-15,2931.2798
2011-04-18,2937.8306
2011-04-19,2887.4048
2011-04-20,2895.0017
2011-04-21,2914.9758
2011-04-22,2899.5435
2011-04-25,2852.4880
2011-04-26,2824.9434
2011-04-27,2808.5781
2011-04-28,2762.5298
2011-04-29,2791.1301
2011-05-03,2814.9360
2011-05-04,2751.1128
2011-05-05,2755.7842
2011-05-06,2751.1357
2011-05-09,2761.4365
2011-05-10,2778.4812
2011-05-11,2774.4824
2011-05-12,2737.6516
2011-05-13,2761.1650
2011-05-16,2743.1260
2011-05-17,2744.4041
2011-05-18,2762.9775
2011-05-19,2751.4275
2011-05-20,2748.6934
2011-05-23,2664.0215
2011-05-24,2658.6104
2011-05-25,2633.7385
2011-05-26,2624.8015
2011-05-27,2595.0278
2011-05-30,2585.5417
2011-05-31,2624.0471
2011-06-01,2632.5940
2011-06-02,2595.8835
2011-06-03,2622.9783
2011-06-07,2641.4680
2011-06-08,2649.2563
2011-06-09,2604.4683
2011-06-10,2611.3296
2011-06-13,2609.3252
2011-06-14,2641.2092
2011-06-15,2622.6199
2011-06-16,2580.7749
2011-06-17,2560.2351
2011-06-20,2537.3245
2011-06-21,2565.7390
2011-06-22,2566.8528
2011-06-23,2608.8206
2011-06-24,2666.0056
2011-06-27,2679.4917
2011-06-28,2681.9883
2011-06-29,2652.8499
2011-06-30,2687.1235
2011-07-01,2691.0337
2011-07-04,2746.8662
2011-07-05,2754.2375
2011-07-06,2753.6223
2011-07-07,2741.5630
2011-07-08,2743.7161
2011-07-11,2752.8994
2011-07-12,2707.3723
2011-07-13,2748.9783
2011-07-14,2763.6812
2011-07-15,2776.1682
2011-07-18,2772.2820
2011-07-19,2750.6755
2011-07-20,2749.4531
2011-07-21,2721.7590
2011-07-22,2729.4299
2011-07-25,2644.8511
2011-07-26,2659.1072
2011-07-27,2684.0381
2011-07-28,2671.5337
2011-07-29,2659.6453
2011-08-01,2663.5750
2011-08-02,2641.3945
2011-08-03,2642.2229
2011-08-04,2648.7207
2011-08-05,2592.8433
2011-08-08,2489.4368
2011-08-09,2487.9844
2011-08-10,2514.5574
2011-08-11,2549.6665
2011-08-12,2564.3523
2011-08-15,2598.3284
2011-08-16,2579.6392
2011-08-17,2571.9656
2011-08-18,2529.8167
2011-08-19,2505.7407
2011-08-22,2484.9910
2011-08-23,2522.8120
2011-08-24,2513.7053
2011-08-25,2582.5657
2011-08-26,2582.3457
2011-08-29,2550.7104
2011-08-30,2538.5420
2011-08-31,2537.5537
2011-09-01,2525.7266
2011-09-02,2498.5847
2011-09-05,2446.7664
2011-09-06,2433.6365
2011-09-07,2482.1575
2011-09-08,2464.1338
2011-09-09,2459.5559
2011-09-13,2430.4026
2011-09-14,2445.6694
2011-09-15,2446.2578
2011-09-16,2449.5220
2011-09-19,2405.6160
2011-09-20,2415.3489
2011-09-21,2480.3992
2011-09-22,2410.5479
2011-09-23,2396.9077
2011-09-26,2356.8569
2011-09-27,2376.2737
2011-09-28,2351.2627
2011-09-29,2317.3804
2011-09-30,2312.2429
2011-10-10,2298.0452
2011-10-11,2296.5129
2011-10-12,2367.7161
2011-10-13,2389.1013
2011-10-14,2380.6648
2011-10-17,2390.9915
2011-10-18,2330.9607
2011-10-19,2323.7573
2011-10-20,2274.0742
2011-10-21,2254.5029
2011-10-24,2304.9321
2011-10-25,2348.1189
2011-10-26,2367.5459
2011-10-27,2373.8008
2011-10-28,2414.7888
2011-10-31,2411.9854
2011-11-01,2413.5364
2011-11-02,2449.4392
2011-11-03,2456.4675
2011-11-04,2475.6462
2011-11-07,2458.5745
2011-11-08,2449.9902
2011-11-09,2474.2378
2011-11-10,2432.4189
2011-11-11,2432.9102
2011-11-14,2483.5703
2011-11-15,2484.8682
2011-11-16,2422.9226
2011-11-17,2419.5859
2011-11-18,2369.6692
2011-11-21,2369.4299
2011-11-22,2367.1885
2011-11-23,2350.8801
2011-11-24,2353.9717
2011-11-25,2337.7026
2011-11-28,2340.6096
2011-11-29,2370.5764
2011-11-30,2290.1743
2011-12-01,2341.9871
2011-12-02,2312.4482
2011-12-05,2275.5403
2011-12-06,2271.2117
2011-12-07,2277.9377
2011-12-08,2275.4111
2011-12-09,2259.1169
2011-12-12,2234.6802
2011-12-13,2188.4912
2011-12-14,2166.0227
2011-12-15,2118.4556
2011-12-16,2164.1895
2011-12-19,2160.3008
2011-12-20,2157.2908
2011-12-21,2127.0840
2011-12-22,2119.5210
2011-12-23,2137.8196
2011-12-26,2121.7813
2011-12-27,2091.3022
2011-12-28,2092.5945
2011-12-29,2096.7156
2011-12-30,2123.8530
2012-01-04,2089.2793
2012-01-05,2057.3379
2012-01-06,2070.9780
2012-01-09,2134.6294
2012-01-10,2198.0198
2012-01-11,2190.5801
2012-01-12,2189.1150
2012-01-13,2151.4587
2012-01-16,2107.7009
2012-01-17,2199.6736
2012-01-18,2163.0229
2012-01-19,2192.2012
2012-01-20,2217.0903
2012-01-30,2187.4016
2012-01-31,2192.6951
2012-02-01,2171.1606
2012-02-02,2213.4438
2012-02-03,2233.2681
2012-02-06,2237.3950
2012-02-07,2199.5330
2012-02-08,2255.2036
2012-02-09,2259.9009
2012-02-10,2263.8499
2012-02-13,2267.4424
2012-02-14,2261.8474
2012-02-15,2285.7166
2012-02-16,2277.4534
2012-02-17,2276.1909
2012-02-20,2281.9070
2012-02-21,2301.4626
2012-02-22,2328.3157
2012-02-23,2335.0720
2012-02-24,2365.3137
2012-02-27,2373.1587
2012-02-28,2373.1238
2012-02-29,2348.5730
2012-03-01,2348.2434
2012-03-02,2385.6973
2012-03-05,2372.5120
2012-03-06,2340.6604
2012-03-07,2325.8052
2012-03-08,2351.4404
2012-03-09,2374.7258
2012-03-12,2372.4702
2012-03-13,2394.2798
2012-03-14,2324.0073
2012-03-15,2307.7808
2012-03-16,2343.3469
2012-03-19,2353.6870
2012-03-20,2317.8767
2012-03-21,2319.1531
2012-03-22,2314.9600
2012-03-23,2286.2542
2012-03-26,2287.1401
2012-03-27,2281.6536
2012-03-28,2213.4287
2012-03-29,2180.4851
2012-03-30,2186.8015
2012-04-05,2232.1934
2012-04-06,2239.5540
2012-04-09,2218.4792
2012-04-10,2238.6689
2012-04-11,2243.0652
2012-04-12,2284.4941
2012-04-13,2293.9775
2012-04-16,2291.6958
2012-04-17,2267.0884
2012-04-18,2312.2395
2012-04-19,2308.3257
2012-04-20,2333.3052
2012-04-23,2311.1604
2012-04-24,2307.0942
2012-04-25,2326.7180
2012-04-26,2324.2986
2012-04-27,2316.0310
2012-05-02,2356.9429
2012-05-03,2360.8232
2012-05-04,2375.5879
2012-05-07,2380.2893
2012-05-08,2375.1660
2012-05-09,2335.0703
2012-05-10,2337.6311
2012-05-11,2323.1802
2012-05-14,2311.2295
2012-05-15,2307.1724
2012-05-16,2278.2566
2012-05-17,2309.2104
2012-05-18,2275.9709
2012-05-21,2280.9971
2012-05-22,2307.8838
2012-05-23,2299.9026
2012-05-24,2284.9473
2012-05-25,2266.5642
2012-05-28,2296.9739
2012-05-29,2324.5713
2012-05-30,2321.0466
2012-05-31,2315.0503
2012-06-01,2316.0659
2012-06-04,2252.1699
2012-06-05,2253.9360
2012-06-06,2250.8372
2012-06-07,2240.3032
2012-06-08,2229.5366
2012-06-11,2260.0667
2012-06-12,2247.0132
2012-06-13,2280.9197
2012-06-14,2266.3286
2012-06-15,2274.6348
2012-06-18,2286.8459
2012-06-19,2271.0371
2012-06-20,2268.2422
2012-06-21,2236.6040
2012-06-25,2195.2542
2012-06-26,2194.5483
2012-06-27,2190.0637
2012-06-28,2169.4102
2012-06-29,2197.4744
2012-07-02,2205.2075
2012-07-03,2210.3271
2012-07-04,2206.7317
2012-07-05,2178.7942
2012-07-06,2208.6255
2012-07-09,2157.0667
2012-07-10,2148.1135
2012-07-11,2162.8381
2012-07-12,2178.9160
2012-07-13,2177.9543
2012-07-16,2130.8081
2012-07-17,2143.1953
2012-07-18,2149.8604
2012-07-19,2167.0112
2012-07-20,2150.0386
2012-07-23,2123.4580
2012-07-24,2131.4973
2012-07-25,2120.0171
2012-07-26,2108.0332
2012-07-27,2107.4844
2012-07-30,2086.3672
2012-07-31,2075.7490
2012-08-01,2098.7791
2012-08-02,2084.4507
2012-08-03,2109.8882
2012-08-06,2138.1489
2012-08-07,2143.9348
2012-08-08,2145.6272
2012-08-09,2163.3755
2012-08-10,2157.1125
2012-08-13,2121.9438
2012-08-14,2130.5437
2012-08-15,2109.0728
2012-08-16,2099.8696
2012-08-17,2099.6833
2012-08-20,2094.8035
2012-08-21,2109.8784
2012-08-22,2097.3894
2012-08-23,2104.0818
2012-08-24,2078.3987
2012-08-27,2038.9087
2012-08-28,2054.6292
2012-08-29,2035.7985
2012-08-30,2027.6980
2012-08-31,2025.5630
2012-09-03,2045.1760
2012-09-04,2027.9742
2012-09-05,2026.1313
2012-09-06,2041.4193
2012-09-07,2117.1311
2012-09-10,2126.9775
2012-09-11,2114.2766
2012-09-12,2122.0603
2012-09-13,2102.7568
2012-09-14,2114.6616
2012-09-17,2066.6804
2012-09-18,2052.4927
2012-09-19,2062.5359
2012-09-20,2015.2455
2012-09-21,2015.4238
2012-09-24,2024.3700
2012-09-25,2019.2172
2012-09-26,1989.2900
2012-09-27,2041.8100
2012-09-28,2073.9800
2012-10-08,2061.0600
2012-10-09,2105.0300
2012-10-10,2113.8200
2012-10-11,2093.3800
2012-10-12,2093.8700
2012-10-15,2086.6600
2012-10-16,2088.3500
2012-10-17,2094.0000
2012-10-18,2123.0000
2012-10-19,2119.5400
2012-10-22,2124.9600
2012-10-23,2104.0800
2012-10-24,2103.4700
2012-10-25,2088.1900
2012-10-26,2051.2600
2012-10-29,2045.0400
2012-10-30,2047.8900
2012-10-31,2055.0200
2012-11-01,2091.4400
2012-11-02,2102.3900
2012-11-05,2097.2400
2012-11-06,2087.5500
2012-11-07,2086.4200
2012-11-08,2048.8100
2012-11-09,2044.4500
2012-11-12,2054.9000
2012-11-13,2021.3200
2012-11-14,2028.4700
2012-11-15,2001.6800
2012-11-16,1985.4400
2012-11-19,1986.9900
2012-11-20,1979.8700
2012-11-21,2001.3100
2012-11-22,1984.5300
2012-11-23,1995.2500
2012-11-26,1980.4700
2012-11-27,1948.1700
2012-11-28,1925.3200
2012-11-29,1913.6000
2012-11-30,1932.5400
2012-12-03,1905.1300
2012-12-04,1923.0700
2012-12-05,1981.9600
2012-12-06,1979.1900
2012-12-07,2013.5500
2012-12-10,2036.1200
2012-12-11,2025.9600
2012-12-12,2032.3600
2012-12-13,2010.4100
2012-12-14,2095.6300
2012-12-17,2106.2300
2012-12-18,2105.8700
2012-12-19,2109.1900
2012-12-20,2116.0100
2012-12-21,2105.1600
2012-12-24,2111.6200
2012-12-25,2164.4800
2012-12-26,2176.3300
2012-12-27,2163.9500
2012-12-28,2190.8900
2012-12-31,2223.2400
2013-01-04,2224.8700
2013-01-07,2235.9000
2013-01-08,2234.0900
2013-01-09,2236.1500
2013-01-10,2245.0500
2013-01-11,2204.1400
2013-01-14,2274.8000
2013-01-15,2293.0000
2013-01-16,2280.1300
2013-01-17,2256.1600
2013-01-18,2289.1400
2013-01-21,2301.5600
2013-01-22,2283.3400
2013-01-23,2287.9600
2013-01-24,2263.3300
2013-01-25,2254.0600
2013-01-28,2307.6800
2013-01-29,2321.9600
2013-01-30,2341.0100
2013-01-31,2336.4400
2013-02-01,2365.6800
2013-02-04,2361.0802
2013-02-05,2381.3447
2013-02-06,2390.3536
2013-02-07,2385.7977
2013-02-08,2407.6385
2013-02-18,2398.5400
2013-02-19,2355.6624
2013-02-20,2383.5538
2013-02-21,2316.3375
2013-02-22,2306.6774
2013-02-25,2322.1645
2013-02-26,2290.0549
2013-02-27,2305.4933
2013-02-28,2366.0670
2013-03-01,2376.7759
2013-03-04,2279.0616
2013-03-05,2341.9301
2013-03-06,2372.3616
2013-03-07,2344.7553
2013-03-08,2328.4314
2013-03-11,2321.1400
2013-03-12,2277.1465
2013-03-13,2253.9512
2013-03-14,2261.0161
2013-03-15,2265.3878
2013-03-18,2233.6098
2013-03-19,2248.0284
2013-03-20,2317.1845
2013-03-21,2330.8682
2013-03-22,2336.3204
2013-03-25,2333.0266
2013-03-26,2306.5071
2013-03-27,2313.8929
2013-03-28,2241.0454
2013-03-29,2239.2658
2013-04-01,2244.8436
2013-04-02,2227.5937
2013-04-03,2216.9010
2013-04-08,2214.7981
2013-04-09,2233.5536
2013-04-10,2227.8282
2013-04-11,2220.7394
2013-04-12,2204.9291
2013-04-15,2178.7007
2013-04-16,2199.6548
2013-04-17,2208.7298
2013-04-18,2215.5607
2013-04-19,2270.8455
2013-04-22,2275.9709
2013-04-23,2206.7378
2013-04-24,2251.8486
2013-04-25,2220.6789
2013-04-26,2192.4873
2013-05-02,2198.8268
2013-05-03,2240.5778
2013-05-06,2275.4832
2013-05-07,2279.7942
2013-05-08,2290.8594
2013-05-09,2281.0241
2013-05-10,2294.4495
2013-05-13,2294.2275
2013-05-14,2263.9884
2013-05-15,2284.9903
2013-05-16,2317.6873
2013-05-17,2352.7488
2013-05-20,2378.3958
2013-05-21,2395.2187
2013-05-22,2386.3744
2013-05-23,2361.4956
2013-05-24,2386.6296
2013-05-27,2400.0077
2013-05-28,2421.7043
2013-05-29,2428.7227
2013-05-30,2427.3080
2013-05-31,2407.3070
2013-06-03,2398.9430
2013-06-04,2358.1384
2013-06-05,2361.7332
2013-06-06,2327.9651
2013-06-07,2289.7591
2013-06-13,2219.7791
2013-06-14,2250.7129
2013-06-17,2249.4281
2013-06-18,2260.9749
2013-06-19,2247.3104
2013-06-20,2172.8514
2013-06-21,2166.0321
2013-06-24,2027.8147
2013-06-25,2021.8294
2013-06-26,2046.8099
2013-06-27,2026.7190
2013-06-28,2046.2654
2013-07-01,2077.3679
2013-07-02,2099.1766
2013-07-03,2092.2695
2013-07-04,2108.1971
2013-07-05,2104.1384
2013-07-08,2035.8531
2013-07-09,2041.5800
2013-07-10,2101.6160
2013-07-11,2182.7957
2013-07-12,2151.3248
2013-07-15,2190.7301
2013-07-16,2208.5729
2013-07-17,2175.9152
2013-07-18,2155.8061
2013-07-19,2103.6060
2013-07-22,2131.6978
2013-07-23,2190.0667
2013-07-24,2190.0674
2013-07-25,2162.2546
2013-07-26,2155.8962
2013-07-29,2112.6081
2013-07-30,2115.9308
2013-07-31,2123.2617
2013-08-01,2178.8536
2013-08-02,2183.5817
2013-08-05,2216.1778
2013-08-06,2235.3115
2013-08-07,2216.1088
2013-08-08,2218.7346
2013-08-09,2226.6079
2013-08-12,2274.6617
2013-08-13,2285.2903
2013-08-14,2278.0506
2013-08-15,2252.2685
2013-08-16,2219.2088
2013-08-19,2254.9359
2013-08-20,2244.6768
2013-08-21,2250.2605
2013-08-22,2251.2964
2013-08-23,2241.4076
2013-08-26,2289.4508
2013-08-27,2302.0611
2013-08-28,2285.4189
2013-08-29,2280.5502
2013-08-30,2263.4411
2013-09-02,2275.4970
2013-09-03,2310.8608
2013-09-04,2311.2972
2013-09-05,2310.6908
2013-09-06,2328.5526
2013-09-09,2381.5211
2013-09-10,2409.7133
2013-09-11,2400.3912
2013-09-12,2415.7427
2013-09-13,2410.4245
2013-09-16,2410.5307
2013-09-17,2364.7648
2013-09-18,2378.7262
2013-09-23,2422.9623
2013-09-24,2410.3926
2013-09-25,2397.6218
2013-09-26,2352.0298
2013-09-27,2361.2407
2013-09-30,2385.7764
2013-10-08,2421.8874
2013-10-09,2443.9107
2013-10-10,2421.6696
2013-10-11,2459.1910
2013-10-14,2473.7140
2013-10-15,2471.0884
2013-10-16,2411.0938
2013-10-17,2405.4876
2013-10-18,2419.2661
2013-10-21,2473.2336
2013-10-22,2446.0026
2013-10-23,2401.3803
2013-10-24,2383.3206
2013-10-25,2344.9795
2013-10-28,2342.1083
2013-10-29,2315.1762
2013-10-30,2351.4200
2013-10-31,2318.8737
2013-11-01,2319.5475
2013-11-04,2324.3600
2013-11-05,2342.6119
2013-11-06,2316.9745
2013-11-07,2294.8829
2013-11-08,2261.9285
2013-11-11,2272.2524
2013-11-12,2295.8382
2013-11-13,2248.7408
2013-11-14,2273.7583
2013-11-15,2320.4968
2013-11-18,2388.0341
2013-11-19,2384.0799
2013-11-20,2401.5114
2013-11-21,2390.2674
2013-11-22,2378.9506
2013-11-25,2374.6290
2013-11-26,2377.4093
2013-11-27,2407.2912
2013-11-28,2429.3073
2013-11-29,2440.4994
2013-12-02,2365.4345
2013-12-03,2399.0027
2013-12-04,2432.0318
2013-12-05,2423.7281
2013-12-06,2412.1374
2013-12-09,2424.1307
2013-12-10,2426.4633
2013-12-11,2394.6219
2013-12-12,2400.9593
2013-12-13,2403.7957
2013-12-16,2366.6506
2013-12-17,2353.2907
2013-12-18,2351.9716
2013-12-19,2329.1738
2013-12-20,2287.2174
2013-12-23,2287.0727
2013-12-24,2298.8668
2013-12-25,2324.0864
2013-12-26,2283.0580
2013-12-27,2322.4409
2013-12-30,2326.2586
2013-12-31,2344.1970
2014-01-02,2350.4008
2014-01-03,2328.8088
2014-01-06,2270.5120
2014-01-07,2279.1594
2014-01-08,2289.1021
2014-01-09,2261.7393
2014-01-10,2233.5439
2014-01-13,2225.1040
2014-01-14,2257.0748
2014-01-15,2264.3103
2014-01-16,2265.7354
2014-01-17,2237.6606
2014-01-20,2222.3265
2014-01-21,2252.0037
2014-01-22,2308.3399
2014-01-23,2312.1356
2014-01-24,2335.9412
2014-01-27,2317.7889
2014-01-28,2317.2876
2014-01-29,2334.6716
2014-01-30,2316.1153
2014-02-07,2344.8217
2014-02-10,2406.7256
2014-02-11,2417.1975
2014-02-12,2435.7584
2014-02-13,2407.1927
2014-02-14,2439.7267
2014-02-17,2475.3760
2014-02-18,2459.5531
2014-02-19,2473.8054
2014-02-20,2442.7670
2014-02-21,2425.6615
2014-02-24,2402.2019
2014-02-25,2322.8920
2014-02-26,2333.1240
2014-02-27,2310.2005
2014-02-28,2336.2127
2014-03-03,2369.1244
2014-03-04,2366.2538
2014-03-05,2352.4065
2014-03-06,2357.8737
2014-03-07,2350.6957
2014-03-10,2267.4734
2014-03-11,2271.7781
2014-03-12,2272.4683
2014-03-13,2301.9955
2014-03-14,2289.6174
2014-03-17,2326.9290
2014-03-18,2331.3211
2014-03-19,2320.6829
2014-03-20,2269.1380
2014-03-21,2328.3506
2014-03-24,2342.9512
2014-03-25,2341.9343
2014-03-26,2345.2317
2014-03-27,2313.7200
2014-03-28,2282.7451
2014-03-31,2270.9917
2014-04-01,2299.7064
2014-04-02,2305.1525
2014-04-03,2296.1375
2014-04-04,2321.4080
2014-04-08,2360.4010
2014-04-09,2373.7907
2014-04-10,2398.6632
2014-04-11,2391.0478
2014-04-14,2399.2251
2014-04-15,2370.4096
2014-04-16,2372.6283
2014-04-17,2368.2852
2014-04-18,2373.2912
2014-04-21,2334.1639
2014-04-22,2329.4756
2014-04-23,2323.5898
2014-04-24,2308.7590
2014-04-25,2270.2834
2014-04-28,2212.9089
2014-04-29,2241.2960
2014-04-30,2253.5585
2014-05-05,2265.6108
2014-05-06,2274.6708
2014-05-07,2243.2121
2014-05-08,2243.8727
2014-05-09,2231.0451
2014-05-12,2283.5139
2014-05-13,2279.7317
2014-05-14,2278.9444
2014-05-15,2241.0113
2014-05-16,2238.5607
2014-05-19,2217.3397
2014-05-20,2223.2404
2014-05-21,2244.5307
2014-05-22,2243.1566
2014-05-23,2266.2251
2014-05-26,2285.8699
2014-05-27,2277.0610
2014-05-28,2304.6773
2014-05-29,2282.9865
2014-05-30,2287.1972
2014-06-03,2282.1169
2014-06-04,2261.8948
2014-06-05,2290.1323
2014-06-06,2279.5168
2014-06-09,2271.7197
2014-06-10,2301.7727
2014-06-11,2308.9071
2014-06-12,2304.7196
2014-06-13,2331.2287
2014-06-16,2348.4206
2014-06-17,2326.3560
2014-06-18,2313.2798
2014-06-19,2261.1809
2014-06-20,2280.1732
2014-06-23,2292.4915
2014-06-24,2309.0536
2014-06-25,2298.2337
2014-06-26,2325.1149
2014-06-27,2336.5705
2014-06-30,2357.6363
2014-07-01,2366.0787
2014-07-02,2377.8769
2014-07-03,2393.4509
2014-07-04,2391.0989
2014-07-07,2390.1510
2014-07-08,2402.6175
2014-07-09,2366.0937
2014-07-10,2364.7046
2014-07-11,2382.9688
2014-07-14,2413.9798
2014-07-15,2410.7474
2014-07-16,2395.6098
2014-07-17,2382.6710
2014-07-18,2390.0218
2014-07-21,2387.7172
2014-07-22,2419.8240
2014-07-23,2409.4374
2014-07-24,2425.3941
2014-07-25,2450.6978
2014-07-28,2509.3645
2014-07-29,2529.6144
2014-07-30,2532.8337
2014-07-31,2559.7216
2014-08-01,2533.1109
2014-08-04,2578.8804
2014-08-05,2586.0503
2014-08-06,2592.0718
2014-08-07,2560.6531
2014-08-08,2573.9955
2014-08-11,2613.9730
2014-08-12,2618.0249
2014-08-13,2619.2087
2014-08-14,2599.7814
2014-08-15,2629.5969
2014-08-18,2659.8761
2014-08-19,2666.8075
2014-08-20,2661.8176
2014-08-21,2658.3447
2014-08-22,2675.1288
2014-08-25,2652.3308
2014-08-26,2614.4655
2014-08-27,2623.4567
2014-08-28,2601.2021
2014-08-29,2632.1693
2014-09-01,2668.6635
2014-09-02,2709.4786
2014-09-03,2733.3007
2014-09-04,2757.6845
2014-09-05,2776.7829
2014-09-09,2785.6049
2014-09-10,2787.1502
2014-09-11,2781.7142
2014-09-12,2809.5801
2014-09-15,2826.6641
2014-09-16,2746.4511
2014-09-17,2766.1497
2014-09-18,2782.2675
2014-09-19,2807.6867
2014-09-22,2763.8366
2014-09-23,2797.5602
2014-09-24,2843.1642
2014-09-25,2841.5999
2014-09-26,2849.3836
2014-09-29,2872.4795
2014-09-30,2886.9230
2014-10-08,2926.7028
2014-10-09,2935.1389
2014-10-10,2920.1554
2014-10-13,2913.3186
2014-10-14,2904.3851
2014-10-15,2922.0237
2014-10-16,2885.7597
2014-10-17,2865.0514
2014-10-20,2896.9826
2014-10-21,2871.1582
2014-10-22,2843.1659
2014-10-23,2803.2060
2014-10-24,2804.9073
2014-10-27,2805.8149
2014-10-28,2875.3501
2014-10-29,2919.0965
2014-10-30,2929.2672
2014-10-31,2946.7975
2014-11-03,2967.7062
2014-11-04,2958.8567
2014-11-05,2952.1657
2014-11-06,2967.9209
2014-11-07,2950.6497
2014-11-10,2999.8741
2014-11-11,2941.5907
2014-11-12,2989.9310
2014-11-13,2960.5122
2014-11-14,2955.2078
2014-11-17,2968.5596
2014-11-18,2961.0866
2014-11-19,2970.1640
2014-11-20,2968.4410
2014-11-21,3012.7726
2014-11-24,3069.5884
2014-11-25,3116.5342
2014-11-26,3149.0462
2014-11-27,3180.8340
2014-11-28,3212.4723
2014-12-01,3201.9071
2014-12-02,3282.7546
2014-12-03,3324.7291
2014-12-04,3431.9547
2014-12-05,3402.2204
2014-12-08,3484.9839
2014-12-09,3322.1788
2014-12-10,3445.5359
2014-12-11,3450.6997
2014-12-12,3475.3887
2014-12-15,3518.0572
2014-12-16,3569.1121
2014-12-17,3582.4769
2014-12-18,3569.9189
2014-12-19,3571.3831
2014-12-22,3498.8571
2014-12-23,3427.0230
2014-12-24,3402.8249
2014-12-25,3490.7739
2014-12-26,3566.9275
2014-12-29,3543.9070
2014-12-30,3514.6842
2014-12-31,3573.4819
2015-01-05,3654.6299
2015-01-06,3680.1953
2015-01-07,3683.2430
2015-01-08,3627.0515
2015-01-09,3609.9161
2015-01-12,3567.8895
2015-01-13,3592.8609
2015-01-14,3579.5579
2015-01-15,3655.1497
2015-01-16,3695.2903
2015-01-19,3473.0615
2015-01-20,3557.0899
2015-01-21,3689.6525
2015-01-22,3728.6869
2015-01-23,3715.7790
2015-01-26,3774.7591
2015-01-27,3765.2033
2015-01-28,3727.6734
2015-01-29,3691.8513
2015-01-30,3643.7429
2015-02-02,3590.2271
2015-02-03,3671.0827
2015-02-04,3646.7561
2015-02-05,3621.2200
2015-02-06,3551.7317
2015-02-09,3558.7899
2015-02-10,3616.7480
2015-02-11,3655.3307
2015-02-12,3676.1756
2015-02-13,3723.4267
2015-02-16,3777.7856
2015-02-17,3806.6345
2015-02-25,3778.5016
2015-02-26,3845.9309
2015-02-27,3871.5947
2015-03-02,3932.8695
2015-03-03,3870.0943
2015-03-04,3917.5815
2015-03-05,3905.6206
2015-03-06,3870.7088
2015-03-09,3934.1506
2015-03-10,3951.9327
2015-03-11,3953.2344
2015-03-12,3984.9179
2015-03-13,4029.4995
2015-03-16,4148.2057
2015-03-17,4209.0120
2015-03-18,4301.6797
2015-03-19,4315.8887
2015-03-20,4373.4976
2015-03-23,4481.9475
2015-03-24,4501.8857
2015-03-25,4511.0926
2015-03-26,4485.8160
2015-03-27,4525.8519
2015-03-30,4611.4025
2015-03-31,4598.7378
2015-04-01,4705.2927
2015-04-02,4763.5682
2015-04-03,4842.6024
2015-04-07,4957.6867
2015-04-08,4956.1206
2015-04-09,4914.0293
2015-04-10,5036.9822
2015-04-13,5141.9369
2015-04-14,5152.3342
2015-04-15,5009.2000
2015-04-16,5119.3340
2015-04-17,5186.3157
2015-04-20,5087.8646
2015-04-21,5249.3031
2015-04-22,5403.9609
2015-04-23,5438.7748
2015-04-24,5419.9956
2015-04-27,5508.8168
2015-04-28,5384.3032
2015-04-29,5467.9976
2015-04-30,5470.8308
2015-05-04,5519.1104
2015-05-05,5314.8886
2015-05-06,5263.1520
2015-05-07,5154.8992
2015-05-08,5329.7916
2015-05-11,5550.3613
2015-05-12,5665.1394
2015-05-13,5675.7465
2015-05-14,5684.1059
2015-05-15,5621.2568
2015-05-18,5676.6924
2015-05-19,5856.8440
2015-05-20,5945.2356
2015-05-21,6125.0601
2015-05-22,6248.2252
2015-05-25,6420.5665
2015-05-26,6626.8028
2015-05-27,6680.9892
2015-05-28,6240.9392
2015-05-29,6293.9139
2015-06-01,6639.3315
2015-06-02,6851.7341
2015-06-03,6871.8148
2015-06-04,6880.2018
2015-06-05,6975.5004
2015-06-08,6981.6123
2015-06-09,6962.6832
2015-06-10,7049.3456
2015-06-11,7132.1322
2015-06-12,7224.2644
2015-06-15,7067.8356
2015-06-16,6788.3894
2015-06-17,6922.5986
2015-06-18,6645.5906
2015-06-19,6180.0311
2015-06-23,6286.6925
2015-06-24,6437.5464
2015-06-25,6178.1612
2015-06-26,5633.9180
2015-06-29,5301.2064
2015-06-30,5631.7365
2015-07-01,5295.6058
2015-07-02,4975.3161
2015-07-03,4635.2585
2015-07-06,4588.1708
2015-07-07,4349.6699
2015-07-08,4015.7182
2015-07-09,4362.9793
2015-07-10,4697.1833
2015-07-13,4954.8411
2015-07-14,4974.9568
2015-07-15,4711.8463
2015-07-16,4778.0770
2015-07-17,5054.5184
2015-07-20,5134.0461
2015-07-21,5204.1691
2015-07-22,5248.8240
2015-07-23,5420.5878
2015-07-24,5330.2106
2015-07-27,4844.7753
2015-07-28,4734.7838
2015-07-29,4962.1658
2015-07-30,4799.3298
2015-07-31,4743.5066
2015-08-03,4626.3626
2015-08-04,4875.0640
2015-08-05,4799.8174
2015-08-06,4763.1945
2015-08-07,4917.9309
2015-08-10,5197.4941
2015-08-11,5211.5926
2015-08-12,5134.7812
2015-08-13,5263.6992
2015-08-14,5294.4142
2015-08-17,5359.8336
2015-08-18,4935.0459
2015-08-19,5051.6627
2015-08-20,4858.8353
2015-08-21,4571.8944
2015-08-24,4128.3529
2015-08-25,3767.8920
2015-08-26,3655.7211
2015-08-27,3858.3369
2015-08-28,4104.6349
2015-08-31,4015.5468
2015-09-01,3851.2126
2015-09-02,3781.3288
2015-09-07,3737.9917
2015-09-08,3898.5718
2015-09-09,4030.5192
2015-09-10,3963.5204
2015-09-11,3983.5079
2015-09-14,3766.1446
2015-09-15,3556.5870
2015-09-16,3806.5007
2015-09-17,3721.2370
2015-09-18,3763.1659
2015-09-21,3887.1021
2015-09-22,3922.8834
2015-09-23,3851.4532
2015-09-24,3900.5410
2015-09-25,3779.7617
2015-09-28,3839.4274
2015-09-29,3758.1244
2015-09-30,3777.8516
2015-10-08,3934.5299
2015-10-09,4000.7162
2015-10-12,4176.7736
2015-10-13,4210.5675
2015-10-14,4153.5132
2015-10-15,4291.0238
2015-10-16,4365.8373
2015-10-19,4367.6026
2015-10-20,4446.9520
2015-10-21,4197.7536
2015-10-22,4335.0177
2015-10-23,4448.3661
2015-10-26,4481.5407
2015-10-27,4506.0098
2015-10-28,4397.0567
2015-10-29,4428.6489
2015-10-30,4423.9262
2015-11-02,4328.9521
2015-11-03,4321.2562
2015-11-04,4559.8916
2015-11-05,4610.1349
2015-11-06,4737.9198
2015-11-09,4818.9154
2015-11-10,4838.1778
2015-11-11,4896.0966
2015-11-12,4885.4340
2015-11-13,4792.6335
2015-11-16,4870.8526
2015-11-17,4841.9881
2015-11-18,4764.7018
2015-11-19,4885.4282
2015-11-20,4935.4392
2015-11-23,4896.5052
2015-11-24,4932.7778
2015-11-25,5010.1085
2015-11-26,4992.8174
2015-11-27,4672.1795
2015-11-30,4698.5424
2015-12-01,4709.4021
2015-12-02,4758.5477
2015-12-03,4851.6976
2015-12-04,4799.3737
2015-12-07,4845.6710
2015-12-08,4747.6720
2015-12-09,4742.7249
2015-12-10,4730.1529
2015-12-11,4697.2698
2015-12-14,4811.5121
2015-12-15,4838.2219
2015-12-16,4855.5434
2015-12-17,4980.2628
2015-12-18,4983.5214
2015-12-21,5070.1831
2015-12-22,5107.0962
2015-12-23,5061.0275
2015-12-24,5035.6828
2015-12-25,5066.9300
2015-12-28,4932.3325
2015-12-29,4985.5973
2015-12-30,5023.4174
2015-12-31,4949.1953
2016-01-04,4534.4075
2016-01-05,4482.7447
2016-01-06,4595.6297
2016-01-07,4208.3515
2016-01-08,4270.3716
2016-01-11,3982.3778
2016-01-12,3991.9486
2016-01-13,3861.0293
2016-01-14,3986.1576
2016-01-15,3836.0848
2016-01-18,3890.4780
2016-01-19,4038.1686
2016-01-20,3989.1423
2016-01-21,3829.4100
2016-01-22,3886.3969
2016-01-25,3924.3307
2016-01-26,3631.7779
2016-01-27,3597.6812
2016-01-28,3450.6763
2016-01-29,3585.3366
2016-02-01,3530.4041
2016-02-02,3646.0243
2016-02-03,3651.7358
2016-02-04,3723.8562
2016-02-05,3687.7161
2016-02-15,3679.7448
2016-02-16,3833.1849
2016-02-17,3883.5525
2016-02-18,3872.9311
2016-02-19,3884.5579
2016-02-22,3976.8389
2016-02-23,3945.3136
2016-02-24,3966.3444
2016-02-25,3654.3998
2016-02-26,3667.6167
2016-02-29,3489.0276
2016-03-01,3569.2034
2016-03-02,3752.4739
2016-03-03,3762.4096
2016-03-04,3704.7443
2016-03-07,3766.2096
2016-03-08,3783.1705
2016-03-09,3707.6231
2016-03-10,3633.6898
2016-03-11,3630.6290
2016-03-14,3738.5268
2016-03-15,3724.8118
2016-03-16,3710.8740
2016-03-17,3810.2933
2016-03-18,3925.9910
2016-03-21,4037.7006
2016-03-22,4017.5754
2016-03-23,4049.3035
2016-03-24,3979.8127
2016-03-25,4008.1073
2016-03-28,3977.2732
2016-03-29,3914.5085
2016-03-30,4053.9082
2016-03-31,4062.2827
2016-04-01,4052.2932
2016-04-05,4147.0874
2016-04-06,4157.8750
2016-04-07,4088.8320
2016-04-08,4053.0577
2016-04-11,4135.7803
2016-04-12,4108.9729
2016-04-13,4171.7964
2016-04-14,4210.2105
2016-04-15,4207.7800
2016-04-18,4143.8979
2016-04-19,4160.5685
2016-04-20,4003.2391
2016-04-21,3961.3450
2016-04-22,3992.6692
2016-04-25,3972.3563
2016-04-26,4014.5266
2016-04-27,4000.5218
2016-04-28,3990.6383
2016-04-29,3986.7198
2016-05-03,4094.1689
2016-05-04,4094.2399
2016-05-05,4113.8905
2016-05-06,3963.6989
2016-05-09,3824.3732
2016-05-10,3819.8512
2016-05-11,3809.2462
2016-05-12,3809.4648
2016-05-13,3795.6236
2016-05-16,3852.0140
2016-05-17,3844.6919
2016-05-18,3761.8322
2016-05-19,3773.6541
2016-05-20,3810.2145
2016-05-23,3854.0584
2016-05-24,3814.9564
2016-05-25,3805.4827
2016-05-26,3820.8325
2016-05-27,3817.7631
2016-05-30,3809.7091
2016-05-31,3968.2447
2016-06-01,3981.0261
2016-06-02,4010.9610
2016-06-03,4032.2883
2016-06-06,4037.4148
2016-06-07,4042.3205
2016-06-08,4030.1987
2016-06-13,3853.8192
2016-06-14,3868.1333
2016-06-15,3972.5894
2016-06-16,3961.3543
2016-06-17,3988.2795
2016-06-20,3998.7529
2016-06-21,3968.2781
2016-06-22,4025.3699
2016-06-23,4008.0336
2016-06-24,3964.9449
2016-06-27,4049.8820
2016-06-28,4086.8065
2016-06-29,4104.8627
2016-06-30,4105.9422
2016-07-01,4103.0126
2016-07-04,4178.9591
2016-07-05,4195.2216
2016-07-06,4212.8371
2016-07-07,4217.8994
2016-07-08,4204.7008
2016-07-11,4200.4209
2016-07-12,4270.3647
2016-07-13,4300.6545
2016-07-14,4301.8366
2016-07-15,4293.4247
2016-07-18,4273.9585
2016-07-19,4279.2522
2016-07-20,4273.7632
2016-07-21,4286.9601
2016-07-22,4248.3091
2016-07-25,4254.0688
2016-07-26,4309.5318
2016-07-27,4161.2373
2016-07-28,4153.0655
2016-07-29,4127.5755
2016-08-01,4072.8104
2016-08-02,4103.1792
2016-08-03,4118.3028
2016-08-04,4140.2052
2016-08-05,4130.5709
2016-08-08,4175.4212
2016-08-09,4214.4844
2016-08-10,4200.9585
2016-08-11,4157.7337
2016-08-12,4220.3268
2016-08-15,4334.8756
2016-08-16,4343.6152
2016-08-17,4351.0155
2016-08-18,4347.8079
2016-08-19,4354.9380
2016-08-22,4306.0128
2016-08-23,4317.2266
2016-08-24,4319.0841
2016-08-25,4290.4961
2016-08-26,4299.6510
2016-08-29,4305.5985
2016-08-30,4309.4956
2016-08-31,4322.6367
2016-09-01,4288.2297
2016-09-02,4285.0685
2016-09-05,4301.1094
2016-09-06,4353.5819
2016-09-07,4352.7613
2016-09-08,4363.2023
2016-09-09,4333.6867
2016-09-12,4225.0538
2016-09-13,4242.8843
2016-09-14,4217.7893
2016-09-19,4261.8893
2016-09-20,4258.9707
2016-09-21,4268.9684
2016-09-22,4297.9314
2016-09-23,4279.3676
2016-09-26,4191.9368
2016-09-27,4222.0913
2016-09-28,4212.5959
2016-09-29,4229.4343
2016-09-30,4247.6501
2016-10-10,4324.1892
2016-10-11,4349.7034
2016-10-12,4348.2643
2016-10-13,4352.9453
2016-10-14,4350.6018
2016-10-17,4311.1057
2016-10-18,4376.5966
2016-10-19,4372.6182
2016-10-20,4381.0203
2016-10-21,4375.4471
2016-10-24,4421.6472
2016-10-25,4434.0385
2016-10-26,4416.2103
2016-10-27,4410.8514
2016-10-28,4384.9350
2016-10-31,4381.6392
2016-11-01,4422.6856
2016-11-02,4393.1282
2016-11-03,4424.9614
2016-11-04,4414.3286
2016-11-07,4418.7200
2016-11-08,4442.9161
2016-11-09,4417.4670
2016-11-10,4475.1852
2016-11-11,4504.1193
2016-11-14,4520.1275
2016-11-15,4532.0966
2016-11-16,4534.0679
2016-11-17,4530.6667
2016-11-18,4513.2310
2016-11-21,4534.0300
2016-11-22,4572.2035
2016-11-23,4561.7805
2016-11-24,4556.8838
2016-11-25,4581.2461
2016-11-28,4589.0428
2016-11-29,4576.5278
2016-11-30,4554.3166
2016-12-01,4583.6848
2016-12-02,4520.5732
2016-12-05,4474.5188
2016-12-06,4476.1675
2016-12-07,4513.1093
2016-12-08,4497.8267
2016-12-09,4502.2006
2016-12-12,4335.8495
2016-12-13,4345.4468
2016-12-14,4318.9150
2016-12-15,4319.3647
2016-12-16,4344.7809
2016-12-19,4334.2670
2016-12-20,4319.2698
2016-12-21,4353.9751
2016-12-22,4350.8664
2016-12-23,4306.6444
2016-12-26,4324.1548
2016-12-27,4324.5890
2016-12-28,4309.6458
2016-12-29,4300.0377
2016-12-30,4310.2245
2017-01-03,4351.6865
2017-01-04,4394.3682
2017-01-05,4394.8229
2017-01-06,4366.2491
2017-01-09,4387.1642
2017-01-10,4375.9169
2017-01-11,4336.4592
2017-01-12,4305.1136
2017-01-13,4267.6611
2017-01-16,4182.3449
2017-01-17,4210.2410
2017-01-18,4208.9794
2017-01-19,4193.7814
2017-01-20,4243.4223
2017-01-23,4270.7044
2017-01-24,4263.4842
2017-01-25,4276.8487
2017-01-26,4299.3154
2017-02-03,4278.9102
2017-02-06,4309.6334
2017-02-07,4307.2802
2017-02-08,4334.4137
2017-02-09,4360.1036
2017-02-10,4365.7774
2017-02-13,4394.8249
2017-02-14,4394.0391
2017-02-15,4366.6943
2017-02-16,4394.2696
2017-02-17,4362.0815
2017-02-20,4410.8967
2017-02-21,4438.9683
2017-02-22,4453.1565
2017-02-23,4444.5598
2017-02-24,4452.5667
2017-02-27,4419.6888
2017-02-28,4435.0850
2017-03-01,4445.4494
2017-03-02,4419.4808
2017-03-03,4421.7533
2017-03-06,4460.3374
2017-03-07,4471.6026
2017-03-08,4460.1557
2017-03-09,4429.7199
2017-03-10,4431.9131
2017-03-13,4468.0484
2017-03-14,4464.2452
2017-03-15,4466.1639
2017-03-16,4503.6457
2017-03-17,4464.5476
2017-03-20,4476.1813
2017-03-21,4491.6448
2017-03-22,4472.3515
2017-03-23,4479.9412
2017-03-24,4503.7742
2017-03-27,4491.7116
2017-03-28,4478.9630
2017-03-29,4457.8100
2017-03-30,4392.6473
2017-03-31,4409.2625
2017-04-05,4486.1544
2017-04-06,4501.0606
2017-04-07,4505.2505
2017-04-10,4475.9766
2017-04-11,4504.6702
2017-04-12,4477.9436
2017-04-13,4490.9488
2017-04-14,4439.7558
2017-04-17,4396.4485
2017-04-18,4364.6759
2017-04-19,4328.4572
2017-04-20,4326.6518
2017-04-21,4316.1348
2017-04-24,4230.0276
2017-04-25,4244.9811
2017-04-26,4255.9075
2017-04-27,4270.6964
2017-04-28,4279.7679
2017-05-02,4274.5669
2017-05-03,4262.4621
2017-05-04,4249.8247
2017-05-05,4206.0474
2017-05-08,4145.8450
2017-05-09,4159.1516
2017-05-10,4108.8953
2017-05-11,4108.8766
2017-05-12,4125.7726
2017-05-15,4142.1041
2017-05-16,4205.2428
2017-05-17,4203.0022
2017-05-18,4180.1982
2017-05-19,4181.5603
2017-05-22,4143.6724
2017-05-23,4089.9242
2017-05-24,4102.7341
2017-05-25,4157.5835
2017-05-26,4156.1695
2017-05-31,4158.2803
2017-06-01,4106.6372
2017-06-02,4124.9052
2017-06-05,4134.9315
2017-06-06,4157.1651
2017-06-07,4227.8158
2017-06-08,4242.6996
2017-06-09,4255.4364
2017-06-12,4223.5128
2017-06-13,4258.8226
2017-06-14,4235.9430
2017-06-15,4257.5649
2017-06-16,4250.8754
2017-06-19,4284.9504
2017-06-20,4284.1392
2017-06-21,4308.8417
2017-06-22,4274.3308
2017-06-23,4295.3467
2017-06-26,4350.5544
2017-06-27,4358.9623
2017-06-28,4329.9122
2017-06-29,4353.1551
2017-06-30,4357.9826
2017-07-03,4367.2225
2017-07-04,4344.4196
2017-07-05,4386.9500
2017-07-06,4392.2279
2017-07-07,4401.7745
2017-07-10,4390.3421
2017-07-11,4373.7504
2017-07-12,4367.3654
2017-07-13,4386.9915
2017-07-14,4386.9144
2017-07-17,4254.5455
2017-07-18,4277.3295
2017-07-19,4347.5370
2017-07-20,4369.3883
2017-07-21,4362.3397
2017-07-24,4385.5692
2017-07-25,4367.9722
2017-07-26,4360.6756
2017-07-27,4389.8914
2017-07-28,4398.5199
2017-07-31,4428.3127
2017-08-01,4447.6331
2017-08-02,4426.7606
2017-08-03,4416.4775
2017-08-04,4395.0192
2017-08-07,4426.5875
2017-08-08,4436.4363
2017-08-09,4443.8954
2017-08-10,4416.7529
2017-08-11,4339.8056
2017-08-14,4409.8930
2017-08-15,4426.2014
2017-08-16,4432.7146
2017-08-17,4462.4561
2017-08-18,4457.3262
2017-08-21,4486.0364
2017-08-22,4479.8391
2017-08-23,4467.5704
2017-08-24,4441.6692
2017-08-25,4500.9089
2017-08-28,4555.4670
2017-08-29,4549.2297
2017-08-30,4559.6191
2017-08-31,4563.3839
2017-09-01,4586.2843
2017-09-04,4608.1634
2017-09-05,4617.0220
2017-09-06,4625.7279
2017-09-07,4603.4147
2017-09-08,4608.2591
2017-09-11,4633.9254
2017-09-12,4635.1160
2017-09-13,4649.8148
2017-09-14,4640.0282
2017-09-15,4625.9249
2017-09-18,4651.1123
2017-09-19,4634.8521
2017-09-20,4661.6233
2017-09-21,4631.5215
2017-09-22,4619.7341
2017-09-25,4576.4413
2017-09-26,4582.8136
2017-09-27,4603.4429
2017-09-28,4595.0038
2017-09-29,4621.7526
2017-10-09,4675.0161
2017-10-10,4697.5437
2017-10-11,4694.0108
2017-10-12,4693.2808
2017-10-13,4712.6782
2017-10-16,4664.9258
2017-10-17,4663.1734
2017-10-18,4657.9714
2017-10-19,4626.4725
2017-10-20,4652.4421
2017-10-23,4669.9270
2017-10-24,4674.4695
2017-10-25,4701.6305
2017-10-26,4720.3985
2017-10-27,4719.4875
2017-10-30,4656.2490
2017-10-31,4672.8540
2017-11-01,4668.3505
2017-11-02,4642.4485
2017-11-03,4620.7182
2017-11-06,4661.1561
2017-11-07,4693.8075
2017-11-08,4697.6831
2017-11-09,4727.8854
2017-11-10,4753.8870
2017-11-13,4770.0459
2017-11-14,4735.8962
2017-11-15,4697.4590
2017-11-16,4710.5284
2017-11-17,4638.7152
2017-11-20,4666.3182
2017-11-21,4707.0796
2017-11-22,4710.7427
2017-11-23,4585.8253
2017-11-24,4587.5722
2017-11-27,4530.7548
2017-11-28,4569.0251
2017-11-29,4573.6531
2017-11-30,4534.9359
2017-12-01,4551.1012
2017-12-04,4537.3096
2017-12-05,4491.2536
2017-12-06,4497.9069
2017-12-07,4467.9414
2017-12-08,4509.5484
2017-12-11,4570.1697
2017-12-12,4519.0509
2017-12-13,4553.8555
2017-12-14,4544.1888
2017-12-15,4508.2241
2017-12-18,4495.9247
2017-12-19,4538.7339
2017-12-20,4514.6474
2017-12-21,4542.4238
2017-12-22,4533.5057
2017-12-25,4500.2376
2017-12-26,4522.6570
2017-12-27,4477.5067
2017-12-28,4499.8196
2017-12-29,4522.7222
2018-01-02,4579.6360
2018-01-03,4612.8901
2018-01-04,4629.9289
2018-01-05,4636.9343
2018-01-08,4654.6714
2018-01-09,4668.9445
2018-01-10,4664.7907
2018-01-11,4673.6481
2018-01-12,4672.9302
2018-01-15,4616.8082
2018-01-16,4651.2195
2018-01-17,4640.8680
2018-01-18,4659.5539
2018-01-19,4662.1456
2018-01-22,4707.6594
2018-01-23,4738.2899
2018-01-24,4757.4209
2018-01-25,4738.2000
2018-01-26,4743.2999
2018-01-29,4674.0651
2018-01-30,4643.3824
2018-01-31,4603.9187
2018-02-01,4504.2634
2018-02-02,4511.7744
2018-02-05,4508.1151
2018-02-06,4334.2159
2018-02-07,4284.7319
2018-02-08,4284.2583
2018-02-09,4124.0876
2018-02-12,4198.5447
2018-02-13,4230.0195
2018-02-14,4253.1452
2018-02-22,4337.2092
2018-02-23,4354.7585
2018-02-26,4426.4939
2018-02-27,4394.6736
2018-02-28,4380.6025
2018-03-01,4420.9926
2018-03-02,4392.6286
2018-03-05,4403.0184
2018-03-06,4454.8802
2018-03-07,4423.8789
2018-03-08,4461.4807
2018-03-09,4510.6772
2018-03-12,4553.4736
2018-03-13,4521.7447
2018-03-14,4489.0511
2018-03-15,4491.3680
2018-03-16,4463.1689
2018-03-19,4477.2988
2018-03-20,4486.0675
2018-03-21,4461.2050
2018-03-22,4435.6254
2018-03-23,4257.5483
2018-03-26,4277.7449
2018-03-27,4347.2306
2018-03-28,4293.6877
2018-03-29,4341.3845
2018-03-30,4376.2499
2018-04-02,4378.5765
2018-04-03,4344.4897
2018-04-04,4327.0710
2018-04-09,4329.9234
2018-04-10,4377.5354
2018-04-11,4396.2282
2018-04-12,4362.5282
2018-04-13,4341.2102
2018-04-16,4298.6100
2018-04-17,4220.4640
2018-04-18,4258.0801
2018-04-19,4290.9286
2018-04-20,4217.1011
2018-04-23,4200.0750
2018-04-24,4289.3938
2018-04-25,4287.7639
2018-04-26,4208.0601
2018-04-27,4213.4125
2018-05-02,4210.1133
2018-05-03,4246.0480
2018-05-04,4234.8769
2018-05-07,4305.0370
2018-05-08,4341.2048
2018-05-09,4336.0363
2018-05-10,4356.6987
2018-05-11,4324.9802
2018-05-14,4333.4393
2018-05-15,4364.4527
2018-05-16,4339.2378
2018-05-17,4315.8224
2018-05-18,4346.6182
2018-05-21,4385.5630
2018-05-22,4388.9050
2018-05-23,4336.5724
2018-05-24,4316.1762
2018-05-25,4289.1219
2018-05-28,4282.5155
2018-05-29,4247.8807
2018-05-30,4135.8552
2018-05-31,4210.9383
2018-06-01,4170.2350
2018-06-04,4185.3093
2018-06-05,4240.9803
2018-06-06,4240.5291
2018-06-07,4225.5526
2018-06-08,4176.1768
2018-06-11,4160.5071
2018-06-12,4202.9103
2018-06-13,4150.5212
2018-06-14,4134.0117
2018-06-15,4085.3034
2018-06-19,3882.9806
2018-06-20,3910.8040
2018-06-21,3845.9319
2018-06-22,3882.4092
2018-06-25,3846.6151
2018-06-26,3846.6861
2018-06-27,3794.4735
2018-06-28,3755.1617
2018-06-29,3860.3372
2018-07-02,3778.0198
2018-07-03,3802.3380
2018-07-04,3744.8972
2018-07-05,3685.2029
2018-07-06,3706.1205
2018-07-09,3798.1284
2018-07-10,3817.6416
2018-07-11,3744.9268
2018-07-12,3836.9795
2018-07-13,3853.3783
2018-07-16,3842.6481
2018-07-17,3834.3343
2018-07-18,3813.5347
2018-07-19,3792.2334
2018-07-20,3851.2965
2018-07-23,3883.1899
2018-07-24,3945.4412
2018-07-25,3945.9419
2018-07-26,3916.2287
2018-07-27,3898.2481
2018-07-30,3869.4643
2018-07-31,3872.0117
2018-08-01,3803.2568
2018-08-02,3718.2967
2018-08-03,3665.3598
2018-08-06,3605.5606
2018-08-07,3704.8186
2018-08-08,3647.8478
2018-08-09,3733.9886
2018-08-10,3749.0849
2018-08-13,3748.4225
2018-08-14,3734.0611
2018-08-15,3653.8096
2018-08-16,3626.4409
2018-08-17,3569.4824
2018-08-20,3598.0727
2018-08-21,3650.4035
2018-08-22,3620.1858
2018-08-23,3638.2843
2018-08-24,3638.9517
2018-08-27,3720.6677
2018-08-28,3720.0170
2018-08-29,3701.5104
2018-08-30,3653.3684
2018-08-31,3625.9119
2018-09-03,3619.7099
2018-09-04,3662.6577
2018-09-05,3599.9832
2018-09-06,3575.1071
2018-09-07,3586.9309
2018-09-10,3528.7268
2018-09-11,3526.2641
2018-09-12,3513.4459
2018-09-13,3544.9272
2018-09-14,3529.8022
2018-09-17,3482.8986
2018-09-18,3547.9233
2018-09-19,3591.1678
2018-09-20,3586.3417
2018-09-21,3665.0561
2018-09-25,3643.1047
2018-09-26,3672.5872
2018-09-27,3639.5767
2018-09-28,3674.7587
2018-10-08,3535.0847
2018-10-09,3535.7813
2018-10-10,3533.9827
2018-10-11,3325.8950
2018-10-12,3341.8073
2018-10-15,3294.1467
2018-10-16,3246.2767
2018-10-17,3268.2958
2018-10-18,3179.5353
2018-10-19,3263.7825
2018-10-22,3412.7501
2018-10-23,3340.4615
2018-10-24,3343.1078
2018-10-25,3339.0147
2018-10-26,3331.2439
2018-10-29,3255.2104
2018-10-30,3290.5602
2018-10-31,3338.8365
2018-11-01,3359.2869
2018-11-02,3468.1867
2018-11-05,3462.2941
2018-11-06,3450.4874
2018-11-07,3433.2097
2018-11-08,3421.3589
2018-11-09,3390.3621
2018-11-12,3456.6291
2018-11-13,3505.9612
2018-11-14,3485.5216
2018-11-15,3534.4430
2018-11-16,3558.9289
2018-11-19,3585.4853
2018-11-20,3496.3526
2018-11-21,3511.9951
2018-11-22,3505.7021
2018-11-23,3395.6001
2018-11-26,3390.2936
2018-11-27,3398.5431
2018-11-28,3441.0861
2018-11-29,3379.4880
2018-11-30,3409.7867
2018-12-03,3510.7539
2018-12-04,3526.7663
2018-12-05,3506.5003
2018-12-06,3436.9268
2018-12-07,3437.0528
2018-12-10,3398.0427
2018-12-11,3419.7385
2018-12-12,3425.7215
2018-12-13,3468.5117
2018-12-14,3397.0550
2018-12-17,3392.6726
2018-12-18,3364.5301
2018-12-19,3322.8267
2018-12-20,3316.5886
2018-12-21,3284.1300
2018-12-24,3303.0189
2018-12-25,3273.9771
2018-12-26,3260.8401
2018-12-27,3231.2175
2018-12-28,3244.8955
2019-01-02,3214.2658
2019-01-03,3203.5551
2019-01-04,3282.2831
2019-01-07,3323.8462
2019-01-08,3317.8362
2019-01-09,3339.6651
2019-01-10,3333.0501
2019-01-11,3358.3954
2019-01-14,3334.6410
2019-01-15,3386.2528
2019-01-16,3383.5527
2019-01-17,3359.9352
2019-01-18,3403.2947
2019-01-21,3421.5607
2019-01-22,3379.5187
2019-01-23,3381.1585
2019-01-24,3399.1011
2019-01-25,3403.4975
2019-01-28,3392.5762
2019-01-29,3372.3261
2019-01-30,3337.2465
2019-01-31,3333.4650
2019-02-01,3400.7148
2019-02-11,3476.4956
2019-02-12,3510.0015
2019-02-13,3575.5265
2019-02-14,3586.3165
2019-02-15,3547.7599
2019-02-18,3664.9033
2019-02-19,3667.6786
2019-02-20,3677.8153
2019-02-21,3668.3837
2019-02-22,3751.6944
2019-02-25,3962.5882
2019-02-26,3936.8848
2019-02-27,3929.2381
2019-02-28,3928.2468
2019-03-01,3988.7126
2019-03-04,4052.0983
2019-03-05,4118.7246
2019-03-06,4180.0182
2019-03-07,4191.7531
2019-03-08,4021.7682
2019-03-11,4140.5576
2019-03-12,4198.2511
2019-03-13,4133.0621
2019-03-14,4060.2550
2019-03-15,4114.2750
2019-03-18,4222.9233
2019-03-19,4221.8907
2019-03-20,4221.3026
2019-03-21,4246.9516
2019-03-22,4254.6575
2019-03-25,4183.1487
2019-03-26,4102.6560
2019-03-27,4139.7307
2019-03-28,4102.1660
2019-03-29,4241.5262
2019-04-01,4375.6531
2019-04-02,4385.7786
2019-04-03,4436.8796
2019-04-04,4470.6075
2019-04-08,4459.7424
2019-04-09,4474.5556
2019-04-10,4476.7299
2019-04-11,4387.1907
2019-04-12,4381.4391
2019-04-15,4354.3076
2019-04-16,4457.8845
2019-04-17,4476.3576
2019-04-18,4454.9795
2019-04-19,4497.5439
2019-04-22,4419.6543
2019-04-23,4378.8977
2019-04-24,4407.0132
2019-04-25,4273.6954
2019-04-26,4218.1447
2019-04-29,4153.6978
2019-04-30,4180.4348
2019-05-06,3905.2610
2019-05-07,3949.1812
2019-05-08,3912.0864
2019-05-09,3856.6893
2019-05-10,3996.7084
2019-05-13,3947.6487
2019-05-14,3920.5117
2019-05-15,4007.8111
2019-05-16,4029.7826
2019-05-17,3911.1550
2019-05-20,3885.9203
2019-05-21,3946.6978
2019-05-22,3927.8031
2019-05-23,3851.8371
2019-05-24,3841.4163
2019-05-27,3917.8530
2019-05-28,3940.8297
2019-05-29,3941.6073
2019-05-30,3919.7211
2019-05-31,3913.6616
2019-06-03,3889.7590
2019-06-04,3843.2598
2019-06-05,3842.7727
2019-06-06,3781.7431
2019-06-10,3827.1806
2019-06-11,3955.1761
2019-06-12,3931.0368
2019-06-13,3939.7487
2019-06-14,3886.3414
2019-06-17,3886.4524
2019-06-18,3892.4921
2019-06-19,3947.7002
2019-06-20,4041.8110
2019-06-21,4075.8106
2019-06-24,4079.2811
2019-06-25,4038.1064
2019-06-26,4033.9107
2019-06-27,4072.5847
2019-06-28,4045.6673
2019-07-01,4162.1771
2019-07-02,4161.9301
2019-07-03,4121.1364
2019-07-04,4103.4433
2019-07-05,4123.5121
2019-07-08,4009.2805
2019-07-09,4011.2950
2019-07-10,3995.2698
2019-07-11,3996.8820
2019-07-12,4019.3238
2019-07-15,4048.1100
2019-07-16,4042.6903
2019-07-17,4041.7956
2019-07-18,3989.9056
2019-07-19,4023.9310
2019-07-22,3961.1802
2019-07-23,3987.5029
2019-07-24,4025.8004
2019-07-25,4050.1625
2019-07-26,4057.1744
2019-07-29,4054.2599
2019-07-30,4071.6626
2019-07-31,4041.1186
2019-08-01,4014.0584
2019-08-02,3957.1453
2019-08-05,3896.4643
2019-08-06,3828.9237
2019-08-07,3814.9229
2019-08-08,3854.0913
2019-08-09,3813.7681
2019-08-12,3880.4890
2019-08-13,3853.1060
2019-08-14,3872.5672
2019-08-15,3888.6125
2019-08-16,3906.4409
2019-08-19,4007.8211
2019-08-20,4008.1256
2019-08-21,4006.0419
2019-08-22,4017.7771
2019-08-23,4030.2779
2019-08-26,3987.0161
2019-08-27,4048.0805
2019-08-28,4036.9160
2019-08-29,4029.6473
2019-08-30,4011.1518
2019-09-02,4083.4267
2019-09-03,4100.5970
2019-09-04,4135.7369
2019-09-05,4175.2055
2019-09-06,4194.4153
2019-09-09,4252.1028
2019-09-10,4245.2848
2019-09-11,4216.7622
2019-09-12,4250.2328
2019-09-16,4249.5564
2019-09-17,4167.5516
2019-09-18,4178.6862
2019-09-19,4208.2491
2019-09-20,4216.9551
2019-09-23,4175.2021
2019-09-24,4187.8130
2019-09-25,4134.7675
2019-09-26,4064.2632
2019-09-27,4085.8900
2019-09-30,4042.0189
2019-10-08,4055.2686
2019-10-09,4076.1451
2019-10-10,4120.1031
2019-10-11,4145.5256
2019-10-14,4198.9976
2019-10-15,4163.9593
2019-10-16,4145.7194
2019-10-17,4144.5010
2019-10-18,4088.9950
2019-10-21,4086.3368
2019-10-22,4116.2577
2019-10-23,4089.4879
2019-10-24,4086.6986
2019-10-25,4113.9003
2019-10-28,4166.1284
2019-10-29,4129.2614
2019-10-30,4097.0504
2019-10-31,4075.0093
2019-11-01,4129.6369
2019-11-04,4154.4825
2019-11-05,4175.8116
2019-11-06,4148.1374
2019-11-07,4164.0230
2019-11-08,4147.4393
2019-11-11,4061.5692
2019-11-12,4065.7817
2019-11-13,4060.0514
2019-11-14,4076.2321
2019-11-15,4040.1528
2019-11-18,4069.6072
2019-11-19,4124.1438
2019-11-20,4090.7205
2019-11-21,4078.9226
2019-11-22,4038.0896
2019-11-25,4047.2928
2019-11-26,4051.5238
2019-11-27,4044.4235
2019-11-28,4031.7731
2019-11-29,4013.6018
2019-12-02,4021.1939
2019-12-03,4039.8296
2019-12-04,4040.1762
2019-12-05,4077.0783
2019-12-06,4103.2352
2019-12-09,4106.3628
2019-12-10,4119.4732
2019-12-11,4114.8383
2019-12-12,4105.7923
2019-12-13,4172.8878
2019-12-16,4216.7192
2019-12-17,4272.3145
2019-12-18,4269.0354
2019-12-19,4273.3250
2019-12-20,4247.7251
2019-12-23,4178.1050
2019-12-24,4224.9245
2019-12-25,4232.5594
2019-12-26,4267.3004
2019-12-27,4249.5146
2019-12-30,4297.1198
2019-12-31,4316.4899
2020-01-02,4384.9895
2020-01-03,4389.5669
2020-01-06,4397.9806
2020-01-07,4443.0874
2020-01-08,4388.2569
2020-01-09,4449.6207
2020-01-10,4443.1762
2020-01-13,4492.1389
2020-01-14,4480.3071
2020-01-15,4462.4975
2020-01-16,4449.5164
2020-01-17,4447.6152
2020-01-20,4492.0516
2020-01-21,4429.4453
2020-01-22,4451.1856
2020-01-23,4305.5828
2020-02-03,3954.3221
2020-02-04,4022.9634
2020-02-05,4098.8193
2020-02-06,4196.2012
2020-02-07,4216.9879
2020-02-10,4252.5931
2020-02-11,4260.0210
2020-02-12,4317.1105
2020-02-13,4285.3349
2020-02-14,4304.3486
2020-02-17,4423.7655
2020-02-18,4449.2731
2020-02-19,4427.3434
2020-02-20,4518.9507
2020-02-21,4551.1729
2020-02-24,4577.4156
2020-02-25,4580.8139
2020-02-26,4496.1623
2020-02-27,4504.7625
2020-02-28,4304.3983
2020-03-02,4459.3354
2020-03-03,4499.4858
2020-03-04,4522.9642
2020-03-05,4609.0846
2020-03-06,4561.4842